{
  "auc": 0.6663905483190647,
  "logloss": 0.6137929254860279,
  "accuracy": 0.6693611636880797,
  "precision": 0.02708562450903378,
  "recall": 0.5682267633487146,
  "f1": 0.05170655629536321,
  "threshold": 0.5
}