{
  "auc": 0.6666414503792144,
  "logloss": 0.6119180863951678,
  "accuracy": 0.6722160059397451,
  "precision": 0.027170122376513856,
  "recall": 0.5649307844429796,
  "f1": 0.051846698327233126,
  "threshold": 0.5,
  "confusion_matrix": {
    "format": "[[TN, FP], [FN, TP]]",
    "value": [
      [
        63425,
        30685
      ],
      [
        660,
        857
      ]
    ]
  },
  "n_valid": 95627,
  "pos_rate_valid": 0.015863720497349076
}